ID,No.,Type,Rarity,Name,Level,Total Exp,Current Exp,Required Exp,Link,MOD,Max HP,HP,Damage,Accuracy,Evasion,Rate of Fire,Move Speed,Armor,Rounds,Crit.Damage,Skill1,Skill2,Equip1,Equip2,Equip3,Affection,Oathed,Oathed Datetime,Locked
20588569,20029,SMG,★★★★,STEN MkⅡ Mod,115,10083300,-,-,x5,Mod2,970,970,29,17,78,86,12,0,0,5,4,1,IOP T4 Exoskeleton,ILM Hollow-Point Ammo,AC4 Suppressor,100,,,Locked
20604717,96,HG,★★★★★,Grizzly,100,3263300,-,-,x5,,430,430,38,51,66,54,15,0,0,20,10,0,AC4 Suppressor,,MkV Mobility Skeleton,100,,,Locked
20606543,27,SMG,★★★,Skorpion,100,3263300,-,-,x5,,795,795,24,13,83,95,12,0,0,5,6,0,,RIP380ACP,,100,,,Locked
20638992,16,SMG,★★★★★,Thompson,100,3263300,-,-,x5,,1190,1190,31,12,56,82,12,0,0,5,8,0,Thompson's Exoskeleton,,,100,,,Locked
20731508,77,MG,★★★,M2HB,100,3263300,-,-,x5,,1075,1075,102,18,16,100,4,0,10,5,8,0,,,,100,,,Locked
20778260,34,RF,★★★,M1 Garand,100,3263300,-,-,x5,,440,440,120,62,28,37,7,0,0,40,5,0,,,,100,,,Locked
20811665,18,SMG,★★★,Ingram,100,3263300,-,-,x5,,880,880,28,11,68,91,12,0,0,5,5,0,,,MAX10 Upper Receiver,100,,,Locked
20963851,118,AR,★★★★,9A-91,100,3263300,-,-,x5,,580,580,42,49,50,78,10,0,0,20,10,0,PKN03M Night Vision Scope,APCR High-Velocity Ammo,9A High-Performance Chip,100,,,Locked
21124617,70,AR,★★★,FF FNC,100,3263300,-,-,x5,,550,550,51,46,37,73,10,0,0,20,7,0,,,,100,,,Locked
21211962,20101,SMG,★★★★★,UMP9 Mod,115,10295898,0,0,x5,Mod3,900,900,29,17,83,87,12,0,0,5,10,10,IOP T4 Exoskeleton,ILM Hollow-Point Ammo,AMP COMPSP,100,,,Locked
21750948,99,HG,★★★★,Gr Mk23,100,3263300,-,-,x5,,400,400,29,53,66,63,15,0,0,20,10,0,S.F. Modified Tactical Light,Signal Flare,16Lab T4 Exoskeleton,100,,,Locked
21869342,20065,AR,★★★★★★,416 Mod,120,30283300,-,-,x5,Mod3,620,620,55,51,47,79,10,0,0,20,10,10,16Lab Infrared Designator,APCR High-Velocity Ammo,Tactical Headwear,100,,,Locked
22761872,20026,SMG,★★★★★,Gr MP5 Mod,115,10480288,0,0,x5,Mod3,900,900,31,14,71,90,12,0,0,5,10,10,GSG UX Exoskeleton,ILM Hollow-Point Ammo,LED Weapon Light,100,,,Locked
23039068,20013,HG,★★★★,Type92 Mod,111,5837500,0,0,x5,Mod2,370,370,32,51,83,61,15,0,0,20,9,1,,,,100,,,Locked
23718548,130,AR,★★★★★,Type97,100,3263300,-,-,x5,,580,580,54,51,46,72,10,0,0,20,10,0,Advanced Infantry Sight,,,100,,,Locked
23742074,22,SMG,★★★,PPS-43,100,3263300,-,-,x5,,880,880,33,13,65,74,12,0,0,5,5,0,,,,100,,,Locked
24052429,20046,RF,★★★★★★,Kar98k Mod,113,7350964,0,0,x5,Mod2,440,440,145,87,42,36,7,0,0,40,10,10,M1022 Sniper Rounds,PM 5-25X56,Thermoptic Camouflage Cape,100,,,Locked
24052732,20053,RF,★★★★★★,NTW-20 Mod,116,12589461,0,0,x5,Mod3,475,475,169,81,30,32,7,0,0,40,10,10,20mm HEI,VFL 6-24X56,Thermoptic Camouflage Cape,100,,,Locked
24052766,43,RF,★★★★,SVD,100,3263300,-,-,x5,,400,400,130,80,33,37,7,0,0,40,10,0,7N14,,,100,,,Locked
24243336,20056,AR,★★★★★,M4 SOPMOD II Mod,118,22034456,0,0,x5,Mod3,565,565,52,51,46,79,10,0,0,30,10,10,,Dinergate RO,APCR High-Velocity Ammo,100,,,Locked
25102144,36,RF,★★★★,Springfield,100,3263300,-,-,x5,,420,420,128,72,40,32,7,0,0,40,8,0,National Match-Grade Armor-Piercing Ammo,,,100,,,Locked
25178038,175,AR,★★★★★,ART556,100,3263300,-,-,x5,,580,580,53,53,49,69,10,0,0,20,5,0,,,,100,,,Locked
25475269,20057,AR,★★★★★,ST AR-15 Mod,118,21901619,0,0,x5,Mod3,535,535,49,55,52,78,10,0,0,20,10,10,VFL 6-24X56,Lightweight Rail Kit,.300BLK High-Velocity Ammo,100,,,Locked
26635947,54,AR,★★★★,M16A1,100,3263300,-,-,x5,,605,605,47,46,44,75,10,0,0,20,10,0,,Special Warfare Mobile Suit,,100,,,Locked
26691308,106,AR,★★★★★,FAL,100,3263300,-,-,x5,,660,660,57,43,38,72,10,0,0,20,10,0,,,,100,,,Locked
27353095,47,RF,★★,G43,100,3263300,-,-,x5,,400,400,111,58,28,40,7,0,0,40,5,0,,,,100,,,Locked
27527530,156,SG,★★★★,Super-Shorty,100,3263300,-,-,x5,,1210,1210,28,14,19,30,6,20,3,40,7,0,,,,100,,,Locked
27949669,20,SMG,★★★★★,Vector,100,3263300,-,-,x5,,925,925,30,11,71,101,12,0,0,5,10,0,#2 Processor,ILM Hollow-Point Ammo,EOT 518,100,,,Locked
28628771,20010,HG,★★★★,PPK Mod,113,7884820,0,0,x5,Mod2,340,340,28,61,103,63,15,0,0,20,10,10,PPK Suppressor,,,100,,,Locked
28718617,132,HG,★★★,Type59,100,3263300,-,-,x5,,300,300,28,61,96,61,15,0,0,20,10,0,,,,100,,,Locked
29621694,20075,MG,★★★★★,M1918 Mod,115,10083300,0,0,x5,Mod3,800,800,100,34,34,115,4,0,8,5,10,10,M1022 Sniper Rounds,VFL 6-24X56,IOP Maximum Ammo Box,100,,,Locked
29686035,15,HG,★★★,G17,100,3263300,-,-,x5,,315,315,29,58,87,61,15,0,0,20,10,0,ZEVT Trigger Unit,,,100,,,Locked
29691224,62,AR,★★★★★,Gr G41,100,3263300,-,-,x5,,635,635,50,48,40,77,10,0,0,20,10,0,,,Hi-Performance Tactical Hair Accessory,100,,,Locked
29748880,173,MG,★★★★★,PKP,100,3263300,-,-,x5,,825,825,95,31,29,127,4,0,10,5,10,0,M1022 Sniper Rounds,16Lab 6-24X56,IOP Maximum Ammo Box,100,,,Locked
30241560,20115,SMG,★★★★★★,Suomi Mod,114,8619334,0,0,x5,Mod2,1120,1120,31,16,72,94,12,0,0,5,10,10,Mk31 Multi-functional Exoskeleton,ILM Hollow-Point Ammo,PEQ-16A,100,,,Locked
31645196,183,HG,★★★★★,Contender,100,3263300,-,-,x5,,330,330,46,85,82,44,15,0,0,40,10,0,,Mk211 High-Explosive Armor-Piercing Ammo,IOP X4 Exoskeleton,100,,,Locked
31730583,168,HG,★★★★,Spitfire,100,3263300,-,-,x5,,350,350,33,60,71,59,15,0,0,20,5,0,,,,100,,,Locked
31999633,20050,RF,★★★★★★,Lee Enfield Mod,111,6226840,0,0,x5,Mod2,450,450,141,87,40,37,7,0,0,40,10,10,Mk211 High-Explosive Armor-Piercing Ammo,No32 MKI,,100,,,Locked
32010143,48,RF,★★★★★,WA2000,100,3263300,-,-,x5,,440,440,130,82,30,39,7,0,0,40,10,0,,SB 2.5-10x56,Thermoptic Camouflage Cape,100,,,Locked
32098920,129,AR,★★★★★,Type95,100,3263300,-,-,x5,,580,580,55,52,46,71,10,0,0,20,8,0,Advanced Infantry Sight,,,100,,,Locked
33229742,126,HG,★★★★★,NZ75,100,3263300,-,-,x5,,365,365,33,62,74,63,15,0,0,20,5,0,Wooden Grips,,,100,,,Locked
33282627,135,SMG,★★★★★,SR-3MP,100,3263300,-,-,x5,,970,970,31,12,67,90,12,0,0,5,10,0,,,,100,,,Locked
33329746,1002,SG,★★★★★,Elphelt,100,3263300,-,-,x5,,1375,1375,36,13,9,28,6,23,5,40,10,0,Type 3 Armor Plate,SABOT Slug,,100,,,Locked
33335355,196,AR,★★★★★,Zas M21,100,3263300,-,-,x5,,605,605,55,48,41,74,10,0,0,20,8,0,,,,100,,,Locked
33794369,20081,MG,★★★★,LWMMG Mod,115,10107900,0,0,x5,Mod3,885,885,102,27,24,92,4,0,10,5,10,10,Mk1000 SLAP,MGO 6X48,IOP Maximum Ammo Box,100,,,Locked
34358432,72,AR,★★★★,TAR-21,100,3263300,-,-,x5,,525,525,49,48,44,79,10,0,0,20,8,0,,,Tactical Earphones,100,,,Locked
35233098,184,RF,★★★★,T-5000,100,3263300,-,-,x5,,450,450,126,85,28,36,7,0,0,40,8,0,,,,100,,,Locked
36300481,20008,HG,★★★★,Makarov Mod,115,10083300,-,-,x5,Mod2,340,340,29,63,104,61,15,0,0,20,10,10,S.F. Modified Tactical Light,Signal Flare,IOP T4 Exoskeleton,100,,,Locked
37329780,20143,SMG,★★★★★★,RO635 Mod,115,10856049,0,0,x5,Mod3,1035,1035,29,15,76,97,12,0,0,5,10,10,Beloved Dangle,ILM Hollow-Point Ammo,AC4 Suppressor,100,,,Locked
37944826,172,AR,★★★★★,Am RFB,100,3263300,-,-,x5,,525,525,69,68,49,54,10,0,0,30,10,0,Am RFB Quad Rail,,,100,,,Locked
38874949,85,MG,★★★★,PK,100,3263300,-,-,x5,,950,950,96,21,23,84,4,0,11,5,10,0,,PK Exclusive Tripod,,100,,,Locked
39186366,148,RF,★★★★★,IWS 2000,100,3263300,-,-,x5,,440,440,162,78,29,32,7,0,0,40,10,0,,,,100,,,Locked
39561265,121,MG,★★★★,Mk48,100,3263300,-,-,x5,,870,870,90,25,26,112,4,0,10,5,10,0,,,,100,,,Locked
40565508,151,SG,★★★★★,M1887,100,3263300,-,-,x5,,1375,1375,39,12,12,22,6,22,4,40,2,0,,,,100,,,Locked
41188428,142,HG,★★★★★,Five-seven,100,3263300,-,-,x5,,315,315,31,57,97,66,15,0,0,20,10,0,AC4 Suppressor,,,100,,,Locked
41375135,20122,AR,★★★★★★,Gr G11 Mod,116,12378527,0,0,x5,Mod3,620,620,47,47,44,97,10,0,0,20,10,10,16Lab 6-24X56,APCR High-Velocity Ammo,G-box,100,,,Locked
41777708,98,HG,★★★★,SPP-1,100,3263300,-,-,x5,,380,380,35,61,75,48,15,0,0,20,8,0,,,,100,,,Locked
43040418,73,AR,★★★★★,AUG,100,3263300,-,-,x5,,605,605,55,57,46,75,10,0,0,30,10,0,PEQ-16A,APCR High-Velocity Ammo,#2 Processor,100,,,Locked
44214122,167,HG,★★★,Gr HK45,100,3263300,-,-,x5,,330,330,34,58,80,55,15,0,0,20,10,0,,,,100,,,Locked
44594925,189,SG,★★★★,USAS-12,100,3263300,-,-,x5,,1300,1300,29,11,10,37,6,22,5,40,10,0,,,,100,,,Locked
45181686,197,RF,★★★★★,Carcano M1891,100,3263300,-,-,x5,,400,400,138,85,42,34,7,0,0,40,10,0,,,,100,,,Locked
45185680,128,RF,★★★★★,M99,100,3263300,-,-,x5,,440,440,157,81,32,32,7,0,0,40,4,0,,,,100,,,Locked
45188999,198,RF,★★★★★,Carcano M91/38,100,3263300,-,-,x5,,365,365,146,90,44,34,7,0,0,40,10,0,M1022 Sniper Rounds,VFL 6-24X56,16Lab Thermoptic Cape,100,,,Locked
45495592,109,MG,★★★★★,Gr MG5,100,3263300,-,-,x5,,990,990,85,27,27,120,4,0,11,5,10,0,,,,100,,,Locked
46459427,127,SMG,★★★★★,Type79,100,3263300,-,-,x5,,970,970,32,12,70,88,12,0,0,5,10,0,,S&B762,,100,,,Locked
48061936,157,SG,★★★★★,Am KSG,100,3263300,-,-,x5,,1265,1265,29,13,12,30,6,24,5,40,10,0,,SABOT Slug,,100,,,Locked
48540983,165,SG,★★★★,M1014,100,3263300,-,-,x5,,1375,1375,31,12,11,32,6,21,4,40,2,0,,,,100,,,Locked
48642004,162,SG,★★★★,SPAS-12,100,3263300,-,-,x5,,1375,1375,33,11,9,32,6,21,4,40,5,0,,,,100,,,Locked
49640517,153,SG,★★★★,M37,100,3263300,-,-,x5,,1265,1265,33,12,12,26,6,22,4,40,1,0,,,Synthetic Pistol Grip,100,,,Locked
51386292,215,AR,★★★★★,MDR,100,3263300,-,-,x5,,595,595,56,50,41,76,10,0,0,20,10,0,,,,100,,,Locked
51775934,212,HG,★★★★,K5,100,3263300,-,-,x5,,330,330,29,52,81,62,15,0,0,40,10,0,,,IOP T4 Exoskeleton,100,,,Locked
53305495,177,SMG,★★★★,KLIN,100,3263300,-,-,x5,,950,950,25,11,74,95,12,0,0,5,2,0,,,,100,,,Locked
54477571,166,HG,★★★★★,CZ75,100,3263300,-,-,x5,,330,330,34,62,74,66,15,0,0,20,5,0,OMEGA Rail,,,100,,,Locked
55348252,119,AR,★★★★★,OTs-14,100,3263300,-,-,x5,,550,550,49,54,54,75,10,0,0,20,10,0,,,,100,,,Locked
55652931,155,SG,★★★★,M590,100,3263300,-,-,x5,,1320,1320,32,11,10,31,6,22,4,40,1,0,,,,100,,,Locked
55685233,188,SG,★★★★★,S.A.T.8,100,3263300,-,-,x5,,1410,1410,29,13,12,33,6,22,4,40,10,0,Type 3 Armor Plate,Shotgun Flash Shells,S.F. Modified Tactical Light,100,,,Locked
57956598,102,SMG,★★★★,UMP40,100,3263300,-,-,x5,,900,900,27,14,75,85,12,0,0,5,1,0,,,,100,,,Locked
60607549,236,AR,★★★★★,K11,100,3263300,-,-,x5,,675,675,53,54,37,76,10,0,0,20,10,0,,,,100,,,Locked
60621155,243,AR,★★★★★,64 Shiki,100,3263300,-,-,x5,,625,625,67,62,43,63,10,0,0,20,10,0,PEQ-16A,16Lab High-Velocity Ammo,#2 Processor,100,,,Locked
60662625,194,AR,★★★★★,K2,100,3263300,-,-,x5,,635,635,50,51,42,78,10,0,0,20,10,0,,,,100,,,Locked
60710279,248,HG,★★★★,Jericho,100,3263300,-,-,x5,,380,380,31,50,64,60,15,0,0,20,6,0,RBL Grip,,,100,,,Locked
61122715,222,RF,★★★★★,TAC-50,100,3263300,-,-,x5,,435,435,155,83,31,32,7,0,0,40,10,0,,Hydraulic Recoil Mitigation System,,100,,,Locked
62520007,213,SMG,★★★★★,C-MS,100,3263300,-,-,x5,,925,925,32,15,75,87,12,0,0,5,10,0,#2 Processor,Mk211 High-Explosive Armor-Piercing Ammo,ITI MARS,100,,,Locked
63654729,80,MG,★★★,M1919A4,100,3263300,-,-,x5,,910,910,96,26,22,99,4,0,9,5,6,0,,Special Steel Buttstock,IOP Maximum Ammo Box,100,,,Locked
65654188,116,SMG,★★★,Z-62,100,3263300,-,-,x5,,840,840,28,15,77,77,12,0,0,5,1,0,,,,100,,,Locked
69627606,1022,SG,★★★★★,Dana Zane,100,3263300,-,-,x5,,1345,1345,38,15,13,26,6,22,1,40,8,0,Prosthetic Arm,,,100,,,Locked
69941876,1017,HG,★★★★★,Jill Stingray,100,3263300,-,-,x5,,400,400,30,53,96,55,15,0,0,20,10,0,Adelhyde,Bronson Extract,Karmotrine,100,,,Locked
70127239,1018,HG,★★★★★,Sei Asagiri,100,3263300,-,-,x5,,425,425,30,59,77,53,15,0,0,20,10,0,AC4 Suppressor,ILM Hollow-Point Ammo,White Knight's Armor,100,,,Locked
70173569,1020,RF,★★★★★,Stella Hoshii,100,3263300,-,-,x5,,450,450,117,84,36,35,7,0,0,40,10,0,Mk211 High-Explosive Armor-Piercing Ammo,,Prosthetic Eye,100,,,Locked
70262771,1021,MG,★★★★★,Alma Armas,100,3263300,-,-,x5,,975,975,89,31,23,129,4,0,9,5,10,0,,,Cybernetic Hands,100,,,Locked
70262819,1019,SMG,★★★★★,Dorothy Haze,100,3263300,-,-,x5,,880,880,28,15,87,79,12,0,0,5,10,0,,MIRD Class-5 Rounds,,100,,,Locked
74373859,238,MG,★★★★★,QJY-88,100,3263300,-,-,x5,,825,825,86,33,35,126,4,0,10,5,10,0,Mk1000 SLAP,,,100,,,Locked
75178522,245,SMG,★★★★★,P90,100,3263300,-,-,x5,,950,950,30,15,83,93,12,0,0,5,10,0,,,DHG Extended Handguard,100,,,Locked
75547502,233,HG,★★★★★,Px4 Storm,100,3263300,-,-,x5,,340,340,35,69,93,57,15,0,0,20,10,0,,,,100,,,Locked
75548207,211,RF,★★★★★,SRS,100,3263300,-,-,x5,,435,435,135,82,35,35,7,0,0,40,8,0,,,,100,,,Locked
78438455,112,MG,★★★★★,Negev,100,3263300,-,-,x5,,870,870,84,35,36,139,4,0,9,5,10,0,,,,100,,,Locked
78611436,247,RF,★★★★,K31,100,3263300,-,-,x5,,390,390,126,78,37,39,7,0,0,40,6,0,,,,100,,,Locked
82303119,20136,SMG,★★★★★,PP-19 Mod,120,30283300,-,-,x5,Mod3,950,950,28,14,80,91,12,0,0,5,10,10,#2 Processor,ILM Hollow-Point Ammo,EOT 518,100,,,Locked
83363261,193,AR,★★★,T65,100,3263300,-,-,x5,,620,620,54,44,40,76,10,0,0,20,1,0,,,,100,,,Locked
84199575,20125,MG,★★★★★★,Gr MG4 Mod,115,10317695,0,0,x5,Mod3,925,925,92,37,35,140,4,0,10,5,10,10,Mk4 SLAP,Gr MG4 MGO,IOP Maximum Ammo Box,100,,,Locked
88593741,146,RF,★★★★,Gr G28,100,3263300,-,-,x5,,440,440,119,80,29,39,7,0,0,40,2,0,,,,100,,,Locked
88700911,20220,HG,★★★★,MP-443 Mod,115,10094850,0,0,x5,Mod3,390,390,34,55,82,60,15,0,0,20,10,10,S.F. Modified Tactical Light,SP81,IOP T4 Exoskeleton,100,,,Locked
89292994,207,AR,★★★★,CZ2000,100,3263300,-,-,x5,,550,550,48,44,46,78,10,0,0,20,1,0,,,,100,,,Locked
89410468,204,RF,★★★★★,Ballista,100,3263300,-,-,x5,,410,410,139,92,35,36,7,0,0,40,1,0,Mk211 High-Explosive Armor-Piercing Ammo,,Urban Camouflage Cape,100,,,Locked
90133444,206,AR,★★★★★,AK-12,100,3263300,-,-,x5,,550,550,56,62,52,78,10,0,0,20,10,0,PEQ-16A,APCR High-Velocity Ammo,#2 Processor,100,,,Locked
90476134,20093,SMG,★★★★,IDW Mod,115,10083300,-,-,x5,Mod2,765,765,27,16,91,75,12,0,0,5,1,1,,ILM Hollow-Point Ammo,,100,,,Locked
90816373,208,MG,★★★★★,HMG21,100,3263300,-,-,x5,,845,845,92,29,33,135,4,0,10,5,1,0,,,,100,,,Locked
91803116,202,HG,★★★★,Thunder,100,3263300,-,-,x1,,86,86,46,57,60,37,15,0,0,40,1,0,,,,100,,,Locked
92043829,28,SMG,★★★★★,Gr MP7,100,3263300,-,-,x5,,990,990,30,13,69,91,12,0,0,5,8,0,,,,100,,,Locked
92272174,203,SMG,★★★★,Honey Badger,100,3263300,-,-,x5,,990,990,33,13,60,82,12,0,0,5,10,0,MkQ Light Exoskeleton,16Lab Hollow-Point,PEQ-16A,100,,,Locked
93939764,14,HG,★★★,Astra,100,3263300,-,-,x5,,400,400,33,45,68,52,15,0,0,20,10,0,,.357 Jacketed Hollow Point Rounds,,100,,,Locked
94000876,20200,RF,★★★★★,XM3 Mod,115,10128429,0,0,x5,Mod3,430,430,139,93,33,37,7,0,0,40,10,10,M118LR,VFL 6-24X56,Thermoptic Camouflage Cape,100,,,Locked
97366517,228,SMG,★★★★★,100 Shiki,100,3263300,-,-,x5,,1060,1060,29,14,67,76,12,0,0,5,2,0,,,AC3 Suppressor,100,,,Locked
97950577,163,SG,★★★★★,AA-12,100,3263300,-,-,x5,,1345,1345,30,12,11,39,6,22,5,40,8,0,Type 3 Armor Plate,FRAG-12 High Explosive Rounds,,100,,,Locked
100460017,23,SMG,★★★★,PP-90,100,3263300,-,-,x5,,795,795,25,13,86,96,12,0,0,5,1,0,,,,100,,,Locked
103331196,217,RF,★★★,SM-1,100,3263300,-,-,x5,,405,405,95,79,40,40,7,0,0,40,1,0,Mk211 High-Explosive Armor-Piercing Ammo,PSO-1,Urban Camouflage Cape,100,,,Locked
103535923,225,SMG,★★★★,Cx4 Storm,100,3263300,-,-,x5,,900,900,34,16,74,64,12,0,0,5,1,0,,,,100,,,Locked
103765751,226,RF,★★★★,Mk 12,100,3263300,-,-,x5,,405,405,101,82,32,46,7,0,0,40,1,0,,EOT 516,,100,,,Locked
104178582,239,AR,★★★,Type03,100,3263300,-,-,x5,,580,580,51,47,39,71,10,0,0,20,1,0,,JHP High-Velocity Ammo,#2 Processor,100,,,Locked
104554068,59,SMG,★★★★★,AK-74U,100,3263300,-,-,x5,,970,970,35,13,67,83,12,0,0,5,1,0,IOP T3 Exoskeleton,,,100,,,Locked
106355779,4,HG,★★★★★,Python,100,3263300,-,-,x5,,350,350,40,81,82,49,15,0,0,40,10,0,RMR T4 Red Dot Sight,.357 Wadcutter Rounds,IOP X4 Exoskeleton,100,,,Locked
107149444,227,AR,★★★★,A-91,100,3263300,-,-,x5,,565,565,52,50,37,75,10,0,0,20,1,0,,,,100,,,Locked
107167535,229,SG,★★★★★,M870,100,3263300,-,-,x5,,1320,1320,33,13,12,29,6,23,4,40,10,0,Type 3 Armor Plate,Shotgun Flash Shells,S.F. Modified Tactical Light,100,,,Locked
108699325,209,SMG,★★★,OTs-39,92,2223330,0,0,x5,,915,915,26,13,67,72,12,0,0,5,1,0,IOP T3 Exoskeleton,ILM Hollow-Point Ammo,,100,,,Locked
109084379,100,HG,★★★★,P7,100,3263300,-,-,x5,,315,315,32,62,83,61,15,0,0,20,1,0,,,,100,,,Locked
109983723,256,RF,★★★,Falcon,100,3263300,-,-,x5,,440,440,140,71,28,32,7,0,0,40,4,0,,,Thermoptic Camouflage Cape,100,,,Locked
109991461,270,RF,★★★★,4 Shiki,100,3263300,-,-,x5,,420,420,112,74,37,39,7,0,0,40,10,0,Arisaka AP Rounds,,,100,,,Locked
109994002,261,RF,★★★★★,QBU-88,100,3263300,-,-,x5,,420,420,126,87,41,42,7,0,0,40,10,0,Mk211 High-Explosive Armor-Piercing Ammo,CBX 12x56 Scope,Thermoptic Camouflage Cape,100,,,Locked
109995448,214,AR,★★★★★,ADS,100,3263300,-,-,x5,,605,605,50,54,45,78,10,0,0,20,10,0,,,#2 Processor,100,,,Locked
110037671,269,HG,★★★★,Gr P30,100,3263300,-,-,x5,,350,350,32,62,85,55,15,0,0,20,4,0,,,,100,,,Locked
110335050,160,SG,★★★★★,Saiga-12,100,3263300,-,-,x5,,1320,1320,29,12,11,35,6,23,5,40,8,0,,,,100,,,Locked
110385664,218,SMG,★★★,T77,100,3263300,-,-,x5,,925,925,24,11,69,92,12,0,0,5,1,0,,,AC4 Suppressor,100,,,Locked
111982646,105,AR,★★★,OTs-12,100,3263300,-,-,x5,,525,525,42,54,54,72,10,0,0,20,1,0,,9x39mm SPP,IOP X3 Exoskeleton,100,,,Locked
111982650,20032,SMG,★★★★,Micro Uzi Mod,120,30283300,-,-,x5,Mod3,885,885,26,13,83,104,12,0,0,5,10,10,#2 Processor,ILM Hollow-Point Ammo,MPL M21,100,,,Locked
111982652,6,HG,★★★,Tokarev,100,3263300,-,-,x5,,430,430,31,47,66,52,15,0,0,20,1,0,,,,100,,,Locked
112415210,179,RF,★★★★★,Gd DSR-50,100,3263300,-,-,x5,,410,410,163,87,33,31,7,0,0,40,1,0,,,,100,,,Locked
113525844,223,AR,★★★,Model L,100,3263300,-,-,x5,,550,550,50,45,41,73,10,0,0,20,1,0,,,,100,,,Locked
114017486,241,RF,★★★,RT-20,91,2161500,0,0,x5,,430,430,149,72,26,26,7,0,0,40,1,0,,,,100,,,Locked
114309247,234,SMG,★★★★★,JS 9,100,3263300,-,-,x5,,900,900,27,15,86,89,12,0,0,5,10,0,,,AC4 Suppressor,100,,,Locked
114328642,20091,HG,★★★★,MP-446 Mod,115,10083300,-,-,x5,Mod2,340,340,30,57,79,60,15,0,0,20,8,8,AC4 Suppressor,,IOP T4 Exoskeleton,100,,,Locked
115403285,1009,HG,★★★★★,El Clear,100,3263300,-,-,x5,,330,330,31,62,88,61,15,0,0,20,10,0,Glorylight,,IOP T4 Exoskeleton,100,,,Locked
115724508,1010,HG,★★★★★,El Fail,100,3263300,-,-,x5,,330,330,31,62,88,61,15,0,0,20,8,0,Black Cat,,,100,,,Locked
115790902,1001,HG,★★★★★,Noel,100,3263300,-,-,x5,,300,300,39,60,82,65,15,0,0,20,7,0,,,,100,,,Locked
117629378,181,AR,★★★★★,T91,100,3263300,-,-,x5,,620,620,51,44,46,76,10,0,0,20,1,0,,,,100,,,Locked
118451946,164,SG,★★★★★,FP-6,100,3263300,-,-,x5,,1300,1300,31,13,12,28,6,24,4,40,10,0,Type 3 Armor Plate,SABOT Slug,S.F. Modified Tactical Light,100,,,Locked
118999934,266,RF,★★★★★,R93,100,3263300,-,-,x5,,405,405,133,97,34,39,7,0,0,40,10,0,Mk211 High-Explosive Armor-Piercing Ammo,VFL 6-24X56,Thermoptic Camouflage Cape,100,,,Locked
119723639,232,HG,★★★,MP-448,100,3263300,-,-,x5,,320,320,26,62,99,60,15,0,0,20,1,0,,,,100,,,Locked
123566284,244,HG,★★★,TEC-9,100,3263300,-,-,x5,,415,415,28,46,63,63,15,0,0,20,10,0,,,,100,,,Locked
123773987,255,RF,★★★,Scout,100,3263300,-,-,x5,,450,450,114,78,35,35,7,0,0,40,1,0,,,,100,,,Locked
124313002,263,MG,★★★★★,Gr MG36,100,3263300,-,-,x5,,910,910,85,34,36,129,4,0,10,5,7,0,,,,100,,,Locked
124313686,262,AR,★★★★,EM-2,100,3263300,-,-,x5,,595,595,57,48,48,61,10,0,0,20,10,0,,,,100,,,Locked
124316414,264,MG,★★★★,Chauchat,100,3263300,-,-,x5,,870,870,102,34,30,81,4,0,9,5,1,0,,,,100,,,Locked
124478306,260,HG,★★★★★,PA-15,100,3263300,-,-,x5,,350,350,35,65,76,64,15,0,0,20,10,0,,,IOP X4 Exoskeleton,100,,,Locked
126443568,253,MG,★★★★★,Lewis,100,3263300,-,-,x5,,950,950,102,31,31,116,4,0,10,5,10,0,Mk1000 SLAP,RMR T4 Red Dot Sight,IOP Maximum Ammo Box,100,,,Locked
126794580,20088,MG,★★★★★,MG3 Mod,113,8237260,0,0,x5,Mod2,1010,1010,91,27,23,131,4,0,10,5,10,10,Mk1000 SLAP,RMR T4 Red Dot Sight,Infinite Ammo Box,100,,,Locked
127113645,20230,RF,★★★★,OBR Mod,113,8427340,0,0,x5,Mod2,425,425,124,85,33,38,7,0,0,40,10,10,Mk211 High-Explosive Armor-Piercing Ammo,VFL 6-24X56,,100,,,Locked
127140062,242,HG,★★★★★,P22,100,3263300,-,-,x5,,350,350,28,66,110,62,15,0,0,20,10,0,P22 Laser Pointer,Signal Flare,IOP T4 Exoskeleton,100,,,Locked
127508661,250,HG,★★★★★,HS2000,100,3263300,-,-,x5,,360,360,33,61,87,62,15,0,0,20,10,0,S.F. Modified Tactical Light,,IOP T4 Exoskeleton,100,,,Locked
128017272,258,AR,★★★,Magal,100,3263300,-,-,x5,,580,580,47,47,43,70,10,0,0,20,1,0,,JHP High-Velocity Ammo,,100,,,Locked
128153120,251,SMG,★★★★★,X95,100,3263300,-,-,x5,,970,970,34,13,67,90,12,0,0,5,10,0,IOP T4 Exoskeleton,,,100,,,Locked
128348618,254,MG,★★★★,UKM-2000,100,3263300,-,-,x5,,845,845,90,26,26,115,4,0,11,5,1,0,,,,100,,,Locked
128899180,265,AR,★★★,Gr HK33,100,3263300,-,-,x5,,525,525,49,51,46,73,10,0,0,20,1,0,,,,100,,,Locked
129965255,240,MG,★★★★,Mk46,100,3263300,-,-,x5,,810,810,78,34,36,142,4,0,9,5,1,0,,,,100,,,Locked
131788554,267,SMG,★★★,MP41,100,3263300,-,-,x5,,970,970,30,13,60,77,12,0,0,5,1,0,,,AC4 Suppressor,100,,,Locked
131876148,140,HG,★★★,PSM,100,3263300,-,-,x5,,285,285,24,67,112,65,15,0,0,20,1,0,,,,100,,,Locked
132441070,20063,AR,★★★★,Gr G3 Mod,115,10083300,-,-,x5,Mod2,565,565,58,54,39,64,10,0,0,20,1,1,,,,100,,,Locked
133078333,20095,RF,★★★★,Type88 Mod,115,10680368,0,0,x5,Mod3,520,520,117,68,38,37,7,0,0,40,10,10,Magnetic Accelerated Rounds,Acceleration Coil,Thermoptic Camouflage Cape,100,,,Locked
134538607,277,HG,★★★,Gr VP70,100,3263300,-,-,x5,,330,330,31,54,75,60,15,0,0,20,10,0,,,,100,,,Locked
134735143,285,HG,★★★★★,C-93,100,3263300,-,-,x5,,315,315,33,62,98,64,15,0,0,20,10,0,,,,100,,,Locked
134735923,288,AR,★★★★,CR-21,100,3263300,-,-,x5,,550,550,48,52,43,81,10,0,0,20,4,0,,,,100,,,Locked
134739512,237,AR,★★★★,SAR-21,100,3263300,-,-,x5,,580,580,44,46,38,80,10,0,0,20,1,0,,,,100,,,Locked
134740507,286,SMG,★★★★,K-PDW,100,3263300,-,-,x5,,900,900,33,14,71,81,12,0,0,5,7,0,,,,100,,,Locked
134740678,287,AR,★★★★★,SIG-556,100,3263300,-,-,x5,,605,605,51,46,45,76,10,0,0,20,2,0,,,,100,,,Locked
135878448,268,RF,★★★,T-CMS,100,3263300,-,-,x5,,440,440,120,75,27,37,7,0,0,40,1,0,,,,100,,,Locked
137489521,1027,AR,★★★★★,Angelica,100,3263300,-,-,x5,,605,605,55,57,46,75,10,0,0,30,10,0,PEQ-16A,APCR High-Velocity Ammo,Fairy Tale Picture Books,100,,,Locked
137603254,1024,RF,★★★★★,Rico,100,3263300,-,-,x5,,400,400,130,80,33,37,7,0,0,40,10,0,Mk211 High-Explosive Armor-Piercing Ammo,,Duelling Cards,100,,,Locked
137820173,1023,SMG,★★★★★,Henrietta,100,3263300,-,-,x5,,950,950,30,15,83,93,12,0,0,5,10,0,,,,100,,,Locked
138030874,1025,SG,★★★★★,Triela,100,3263300,-,-,x5,,1265,1265,37,12,12,26,6,21,4,40,8,0,Type 2 Armor Plate,Bayonet,,100,,,Locked
138270306,271,MG,★★★,K3,30,45000,0,0,x3,,321,321,43,12,14,103,4,0,9,5,1,0,,,,100,,,Locked
138310230,1026,MG,★★★★★,Claes,100,3263300,-,-,x5,,785,785,79,35,36,139,4,0,8,5,1,0,,Spectacles,,100,,,Locked
138967378,224,SMG,★★★★★,PM-06,100,3263300,-,-,x5,,950,950,29,15,75,83,12,0,0,5,10,0,,,,100,,,Locked
139678471,78,MG,★★★★,M60,100,3263300,-,-,x5,,910,910,92,26,26,111,4,0,9,5,1,0,,,,100,,,Locked
141519673,279,AR,★★★,INSAS,100,3263300,-,-,x5,,550,550,49,52,45,71,10,0,0,20,1,0,,JHP High-Velocity Ammo,,100,,,Locked
141794369,278,SG,★★★,Six12,100,3263300,-,-,x5,,1210,1210,34,13,13,30,6,20,4,40,1,0,Type 3 Armor Plate,SABOT Slug,S.F. Modified Tactical Light,100,,,Locked
142110570,275,MG,★★★★,M1895 CB,100,3263300,-,-,x5,,950,950,90,26,23,131,4,0,10,5,10,0,,,,100,,,Locked
142343877,274,AR,★★★★★,ACR,100,3263300,-,-,x5,,580,580,54,54,48,77,10,0,0,30,10,0,PEQ-16A,APCR High-Velocity Ammo,,100,,,Locked
142676799,272,HG,★★★★★,Desert Eagle,100,3263300,-,-,x5,,365,365,41,57,66,55,15,0,0,40,10,0,,16Lab Hollow-Point,IOP X4 Exoskeleton,100,,,Locked
142921822,276,MG,★★★★★,Kord,100,3263300,-,-,x5,,990,990,109,22,21,110,4,0,9,5,10,0,M1022 Sniper Rounds,VFL 6-24X56,IOP Maximum Ammo Box,100,,,Locked
143536433,273,RF,★★★★,SSG3000,100,3263300,-,-,x5,,440,440,126,77,30,37,7,0,0,40,10,0,,,,100,,,Locked
143836032,281,SG,★★★★★,CAWS,100,3263300,-,-,x5,,1235,1235,30,12,13,35,6,23,5,40,6,0,,,,100,,,Locked
143919741,282,SG,★★★★★,DP-12,100,3263300,-,-,x5,,1265,1265,31,13,13,30,6,23,5,40,10,0,,Shotgun Flash Shells,,100,,,Locked
143968503,283,SG,★★★★,Liberator,100,3263300,-,-,x5,,1155,1155,36,12,15,30,6,21,4,40,1,0,,,,100,,,Locked
144316419,38,RF,★★★,M21,100,3263300,-,-,x5,,465,465,118,74,27,35,7,0,0,40,1,0,,ART2,Urban Camouflage Cape,100,,,Locked
144697599,284,RF,★★★,Zas M76,100,3263300,-,-,x5,,420,420,110,78,35,37,7,0,0,40,1,0,Mk169 Armor-Piercing Ammo,,,100,,,Locked
144977140,192,RF,★★★★★,JS05,100,3263300,-,-,x5,,450,450,158,88,32,31,7,0,0,40,1,0,,,,100,,,Locked
145932957,123,HG,★★★,P99,100,3263300,-,-,x5,,300,300,31,56,87,61,15,0,0,20,1,0,,,,100,,,Locked
146771532,9,HG,★★,P38,100,3263300,-,-,x5,,330,330,28,49,81,57,15,0,0,20,1,0,,,,100,,,Locked
147268481,291,SMG,★★★,43M,100,3263300,-,-,x5,,925,925,30,13,56,89,12,0,0,5,1,0,IOP T3 Exoskeleton,,,100,,,Locked
147379511,176,SMG,★★★,TMP,100,3263300,-,-,x5,,750,750,28,14,77,93,12,0,0,5,1,0,,,AC4 Suppressor,100,,,Locked
148327575,35,RF,★★★,M1A1,100,3263300,-,-,x5,,420,420,95,77,42,38,7,0,0,40,1,0,,,,100,,,Locked
148385641,1028,SMG,★★★★★,Agent Vector,100,3263300,-,-,x5,,925,925,30,11,71,101,12,0,0,5,10,0,Go-Bag "V",.45 Hollow Point Ammo (Incendiary),Osprey 45 Silencer,100,,,Locked
148664750,1029,AR,★★★★★,Agent 416,100,3263300,-,-,x5,,605,605,51,46,44,76,10,0,0,20,10,0,ACOG (4X),556 High-Velocity Ammo (Explosive),416's Go-Bag,100,,,Locked
149155053,280,SMG,★★★★,MAT-49,100,3263300,-,-,x5,,925,925,29,14,73,80,12,0,0,5,8,0,,,,100,,,Locked
149608168,79,MG,★★★,FF M249SAW,100,3263300,-,-,x5,,785,785,79,35,36,139,4,0,8,5,8,0,Mk1000 SLAP,,MICO,100,,,Locked
149857921,113,HG,★★★,Serdyukov,100,3263300,-,-,x5,,350,350,33,58,68,59,15,0,0,20,10,0,Tactical Rails,,,100,,,Locked
150527752,299,SG,★★★,HSM10,100,3263300,-,-,x5,,1235,1235,34,13,12,27,6,21,4,40,1,0,,SABOT Slug,ITI MARS,100,,,Locked
151490904,298,AR,★★★,Vepr,100,3263300,-,-,x5,,550,550,48,49,47,71,10,0,0,20,1,0,PSO-1,JHP High-Velocity Ammo,IOP X3 Exoskeleton,100,,,Locked
151768253,20159,SG,★★★★,RMB-93 Mod,115,10160970,0,0,x5,Mod3,1235,1235,33,12,14,29,6,23,4,40,10,10,Wing-Shaped Mechanical Shield,SABOT Slug,S.F. Modified Tactical Light,100,,,Locked
152413990,259,SMG,★★★★★,PM-9,100,3263300,-,-,x5,,880,880,28,13,85,102,12,0,0,5,10,0,IOP T3 Exoskeleton,,,100,,,Locked
152651219,305,RF,★★★★,Tabuk,100,3263300,-,-,x5,,420,420,115,81,36,39,7,0,0,40,1,0,,,,100,,,Locked
152652470,306,AR,★★★★★,AK-Alfa,100,3263300,-,-,x5,,580,580,56,53,52,75,10,0,0,20,10,0,PEQ-16A,APCR High-Velocity Ammo,#2 Processor,100,,,Locked
152652602,150,SMG,★★★★,Shipka,100,3263300,-,-,x5,,840,840,24,14,79,95,12,0,0,5,1,0,,,,100,,,Locked
152653047,185,MG,★★★★,Ameli,100,3263300,-,-,x5,,705,705,83,38,42,149,4,0,8,5,1,0,,,,100,,,Locked
152781877,149,MG,★★★★,AEK-999,100,3263300,-,-,x5,,825,825,89,29,28,120,4,0,10,5,1,0,Mk211 High-Explosive Armor-Piercing Ammo,,,100,,,Locked
155015689,20049,RF,★★★★,Type56R Mod,115,10256322,0,0,x5,Mod3,475,475,110,70,37,37,7,0,0,40,10,10,Custom Tracer Rounds,VFL 6-24X56,Thermoptic Camouflage Cape,100,,,Locked
155170137,301,SMG,★★★,MAS-38,100,3263300,-,-,x5,,950,950,26,13,72,83,12,0,0,5,1,0,,,,100,,,Locked
155612475,20066,AR,★★★★★,Type56-1 Mod,111,5837500,0,0,x5,Mod2,725,725,56,41,41,70,10,0,0,20,10,1,,,,100,,,Locked
155980899,296,RF,★★★★★,Gr SL8,100,3263300,-,-,x5,,425,425,120,78,39,41,7,0,0,40,10,0,,,,100,,,Locked
156150369,69,AR,★★★★,Fr FAMAS,100,3263300,-,-,x5,,605,605,44,48,40,81,10,0,0,20,1,0,FÉLIN System Sight,,,100,,,Locked
156150587,20216,AR,★★★★★,XM8 Mod,115,10084555,0,0,x5,Mod3,550,550,54,51,48,81,10,0,0,20,10,10,VFL 6-24X56,APCR High-Velocity Ammo,#2 Processor,100,,,Locked
156153446,292,MG,★★★★★,RPK-16,100,3263300,-,-,x5,,825,825,85,37,36,129,4,0,10,5,10,0,,VFL 6-24X56,,100,,,Locked
156981664,307,MG,★★★★★,ZB-26,100,3263300,-,-,x5,,910,910,100,30,31,116,4,0,9,5,10,0,,,,100,,,Locked
157379187,297,AR,★★★★,FI M82,100,3263300,-,-,x5,,565,565,51,45,46,75,10,0,0,20,4,0,,,,100,,,Locked
157392345,295,SMG,★★★★,CF-05,100,3263300,-,-,x5,,950,950,26,13,73,87,12,0,0,5,10,0,,,AC4 Suppressor,100,,,Locked
158368255,309,HG,★★★,WKp,100,3263300,-,-,x5,,400,400,41,49,65,44,15,0,0,20,9,0,,ILM Hollow-Point Ammo,IOP T4 Exoskeleton,100,,,Locked
158374271,289,AR,★★★★★,R5,100,3263300,-,-,x5,,620,620,55,54,43,76,10,0,0,20,10,0,PEQ-16A,APCR High-Velocity Ammo,#2 Processor,100,,,Locked
158531950,180,RF,★★★★,PzB39,100,3263300,-,-,x5,,420,420,148,71,31,32,7,0,0,40,1,0,7.92mm Anti-Tank Rounds,,,100,,,Locked
159386140,20152,SG,★★★★,M1897 Mod,115,10083300,-,-,x5,Mod2,1345,1345,36,13,11,26,6,22,4,40,9,10,Type 3 Armor Plate,#000 Buckshot,ITI MARS,100,,,Locked
159877820,186,HG,★★★,P226,100,3263300,-,-,x5,,365,365,29,58,63,61,15,0,0,20,1,0,,,,100,,,Locked
160367421,90,HG,★★,FF FNP9,100,3263300,-,-,x5,,300,300,28,53,83,61,15,0,0,20,1,0,,,,100,,,Locked
160538583,158,SG,★★★,KS-23,100,3263300,-,-,x5,,1375,1375,40,9,10,25,6,21,3,40,1,0,,20GA Buckshot,ITI MARS,100,,,Locked
160760338,303,HG,★★★★★,HP-35,100,3263300,-,-,x5,,380,380,31,64,89,58,15,0,0,20,10,0,S.F. Modified Tactical Light,Signal Flare,IOP T4 Exoskeleton,100,,,Locked
160762088,290,AR,★★★★★,89 Shiki,100,3263300,-,-,x5,,605,605,54,48,45,79,10,0,0,20,10,0,,APCR High-Velocity Ammo,,100,,,Locked
160950658,314,AR,★★★,StG-940,100,3263300,-,-,x5,,550,550,50,49,44,69,10,0,0,20,1,0,,,,100,,,Locked
161152345,190,SG,★★★,NS2000,100,3263300,-,-,x5,,1265,1265,33,12,11,27,6,20,5,40,1,0,Type 3 Armor Plate,SABOT Slug,,100,,,Locked
161211300,311,SMG,★★★★★,Lusa,100,3263300,-,-,x5,,1025,1025,29,13,69,94,12,0,0,5,10,0,,,,100,,,Locked
161865163,138,AR,★★★,6P62,100,3263300,-,-,x5,,605,605,69,37,33,54,10,0,0,20,5,0,ITI MARS,16Lab Sub-Caliber Armor-Piercing Ammo,,100,,,Locked
162404536,3,HG,★★★,M9,100,3263300,-,-,x5,,380,380,29,56,66,61,15,0,0,20,1,0,M9 BC2 Grips,,,100,,,Locked
162405227,58,AR,★★★,AK-47,100,3263300,-,-,x5,,660,660,53,35,34,65,10,0,0,20,1,0,,JHP High-Velocity Ammo,IOP X3 Exoskeleton,100,,,Locked
163040500,320,RF,★★★,GM6 Lynx,100,3263300,-,-,x5,,420,420,135,75,30,33,7,0,0,40,1,0,,,,100,,,Locked
163492077,84,MG,★★★,RPD,100,3263300,-,-,x5,,825,825,82,34,34,121,4,0,8,5,1,0,,RMR T4 Red Dot Sight,RPD Infantry Webbing,100,,,Locked
163948535,20201,RF,★★★★,Gepard M1 Mod,115,10083300,0,0,x5,Mod3,450,450,155,82,29,30,7,0,0,40,10,8,B32 Armor-Piercing Rounds,,,100,,,Locked
164789531,187,AR,★★★★,Ak 5,100,3263300,-,-,x5,,580,580,51,48,38,75,10,0,0,20,10,0,PEQ-16A,16Lab High-Velocity Ammo,#2 Processor,100,,,Locked
164918405,139,HG,★★,Bren Ten,100,3263300,-,-,x5,,350,350,31,51,63,58,15,0,0,20,4,0,,,,100,,,Locked
165032589,321,SG,★★★,TS12,100,3263300,-,-,x5,,1210,1210,34,13,11,30,6,21,3,40,1,0,Type 2 Armor Plate,,,100,,,Locked
165205996,19,SMG,★★★,FMG-9,100,3263300,-,-,x5,,705,705,26,13,90,92,12,0,0,5,1,0,IOP T4 Exoskeleton,ILM Hollow-Point Ammo,AC4 Suppressor,100,,,Locked
165593459,145,RF,★★★,OTs-44,100,3263300,-,-,x5,,400,400,157,67,32,32,7,0,0,40,1,0,Mk211 High-Explosive Armor-Piercing Ammo,SPP,Thermoptic Camouflage Cape,100,,,Locked
166334317,120,AR,★★★,ARX-160,100,3263300,-,-,x5,,495,495,49,48,48,73,10,0,0,20,1,0,,,,100,,,Locked
166597970,325,SG,★★★★,PM5,100,3263300,-,-,x5,,1190,1190,34,12,15,29,6,20,5,40,1,0,,,,100,,,Locked
166610161,340,AR,★★★★★,TKB-408,100,3263300,-,-,x5,,580,580,55,51,48,72,10,0,0,20,10,0,,,,100,,,Locked
166651927,235,RF,★★★★,SPR A3G,100,3263300,-,-,x5,,435,435,130,83,31,35,7,0,0,40,1,0,,,,100,,,Locked
166652016,42,RF,★★★★,PTRD,100,3263300,-,-,x5,,465,465,159,75,29,28,7,0,0,40,1,0,Mk211 High-Explosive Armor-Piercing Ammo,,,100,,,Locked
166750294,322,HG,★★★,QSB-91,100,3263300,-,-,x5,,350,350,36,58,72,53,15,0,0,20,8,0,,,,100,,,Locked
168367088,329,RF,★★★★★,SVCh,100,3263300,-,-,x5,,435,435,144,97,30,35,7,0,0,40,10,0,Mk211 High-Explosive Armor-Piercing Ammo,,Thermoptic Camouflage Cape,100,,,Locked
168367244,337,RF,★★★★★,De Lisle,100,3263300,-,-,x5,,510,510,109,87,38,37,7,0,0,40,10,0,,,,100,,,Locked
168589176,11,HG,★★★,P08,100,3263300,-,-,x5,,350,350,31,46,80,55,15,0,0,20,1,0,,,,100,,,Locked
168752759,327,SMG,★★★,SUB-2000,100,3263300,-,-,x5,,970,970,26,13,66,84,12,0,0,5,10,0,,,,100,,,Locked
169155082,326,SG,★★★★,512,100,3263300,-,-,x5,,1280,1280,37,15,13,31,6,20,3,40,4,0,,,COG M150,100,,,Locked
169168009,324,SG,★★★★★,M6 ASW,100,3263300,-,-,x5,,1300,1300,39,15,14,28,6,22,4,40,10,0,Type 3 Armor Plate,SABOT Slug,S.F. Modified Tactical Light,100,,,Locked
169435730,20071,AR,★★★★,Galil Mod,115,10083300,-,-,x5,Mod2,630,630,53,49,44,66,10,0,0,20,1,1,,,,100,,,Locked
170186026,1033,MG,★★★★★,Hanazono Yurine,100,3263300,-,-,x5,,910,910,93,29,24,128,4,0,10,5,10,0,,Grimoire Vol. II,,100,,,Locked
170247749,1031,RF,★★★★★,Pekola,100,3263300,-,-,x5,,440,440,126,80,40,37,7,0,0,40,10,0,,,Donut of Sweet Dreams,100,,,Locked
170337537,1030,SMG,★★★★★,Jashin-chan,100,3263300,-,-,x5,,1015,1015,26,13,75,81,12,0,0,5,2,0,Miraculous Curry Ladle,,,100,,,Locked
170460550,308,RF,★★★,C14,100,3263300,-,-,x5,,465,465,128,77,29,32,7,0,0,40,1,0,,,,100,,,Locked
170504807,1032,AR,★★★★★,Medusa,100,3263300,-,-,x5,,605,605,58,57,47,73,10,0,0,30,10,0,VFL 6-24X56,16Lab High-Velocity Ammo,Paper Bag Helmet,100,,,Locked
170575563,1034,SG,★★★★★,Minos,100,3263300,-,-,x5,,1430,1430,39,12,11,24,6,22,4,40,10,0,Type 3 Armor Plate,SABOT Slug,Demonic Bell,100,,,Locked
171880409,312,RF,★★★★★,VSK-94,100,3263300,-,-,x5,,440,440,133,79,32,38,7,0,0,40,8,0,,,,100,,,Locked
171881685,313,AR,★★★★★,S-ACR,100,3263300,-,-,x5,,620,620,46,45,42,91,10,0,0,20,1,0,,,,100,,,Locked
171882202,310,HG,★★★★,Rex Zero 1,100,3263300,-,-,x5,,350,350,31,56,74,61,15,0,0,20,10,0,S.F. Modified Tactical Light,Signal Flare,IOP T4 Exoskeleton,100,,,Locked
171992881,302,SG,★★★★,Defender,100,3263300,-,-,x5,,1235,1235,38,13,17,27,6,18,8,40,10,0,,20-gauge Custom Slug Rounds,EOT 518,100,,,Locked
173646191,134,AR,★★★,AR70,100,3263300,-,-,x5,,550,550,50,44,41,71,10,0,0,20,1,0,AC4 Suppressor,APCR High-Velocity Ammo,IOP X4 Exoskeleton,100,,,Locked
174340735,144,SMG,★★★,MT-9,90,1987279,0,0,x5,,965,965,23,12,55,86,12,0,0,5,1,0,,,,100,,,Locked
174405499,147,RF,★★★,SSG 69,43,136440,0,0,x3,,171,171,83,41,20,24,7,0,0,40,1,0,,,,100,,,Locked
175100592,319,MG,★★★★,PM1910,100,3263300,-,-,x5,,950,950,90,27,25,104,4,0,10,5,1,0,,,,100,,,Locked
175287988,318,AR,★★★★★,VHS,100,3263300,-,-,x5,,580,580,57,54,47,78,10,0,0,20,8,0,PEQ-16A,APCR High-Velocity Ammo,#2 Processor,100,,,Locked
175594267,315,SMG,★★★★★,AUG Para,100,3263300,-,-,x5,,925,925,29,15,83,88,12,0,0,5,10,0,,,,100,,,Locked
175699994,316,RF,★★★★★,General Liu,100,3263300,-,-,x5,,400,400,139,88,30,40,7,0,0,40,10,0,Mk211 High-Explosive Armor-Piercing Ammo,VFL 6-24X56,Thermoptic Camouflage Cape,100,,,Locked
175817079,317,RF,★★★★,Mondragon M1908,100,3263300,-,-,x5,,420,420,112,74,34,41,7,0,0,40,10,0,Mk211 High-Explosive Armor-Piercing Ammo,,Old Camouflage Uniform,100,,,Locked
175873655,141,HG,★★,Gr USPCompact,100,3263300,-,-,x5,,330,330,24,60,86,64,15,0,0,20,1,0,,,,100,,,Locked
177928827,328,SMG,★★★★,AR-57,100,3263300,-,-,x5,,915,915,26,14,74,92,12,0,0,5,10,0,,,,100,,,Locked
177929127,339,MG,★★★★★,RPK-203,100,3263300,-,-,x5,,825,825,91,34,36,124,4,0,9,5,10,0,M1022 Sniper Rounds,16Lab 6-24X56,IOP Maximum Ammo Box,100,,,Locked
177929539,336,SMG,★★★★,PPD-40,100,3263300,-,-,x5,,925,925,26,13,75,88,12,0,0,5,10,0,IOP T3 Exoskeleton,,,100,,,Locked
177929693,330,AR,★★★★,FX-05,100,3263300,-,-,x5,,550,550,54,55,47,69,10,0,0,20,10,0,PEQ-16A,APCR High-Velocity Ammo,,100,,,Locked
177930161,338,AR,★★★★★,SIG MCX,100,3263300,-,-,x5,,580,580,49,57,46,83,10,0,0,20,10,0,PEQ-16A,APCR High-Velocity Ammo,#2 Processor,100,,,Locked
180985630,350,SG,★★★★★,FO-12,100,3263300,-,-,x5,,1280,1280,30,13,11,36,6,23,5,40,10,0,Type 3 Armor Plate,#7.5 Birdshot,S.F. Modified Tactical Light,100,,,Locked
181054321,353,SG,★★★★,MAG-7,100,3263300,-,-,x5,,1210,1210,44,15,10,26,6,20,5,40,10,0,Type 2 Armor Plate,,,100,,,Locked
181112682,351,SG,★★★★★,M26-MASS,100,3263300,-,-,x5,,1265,1265,35,15,14,30,6,22,5,40,10,0,Type 3 Armor Plate,Shotgun Flash Shells,S.F. Modified Tactical Light,100,,,Locked
181132843,352,SG,★★★★,Nova,100,3263300,-,-,x5,,1320,1320,31,13,16,29,6,19,7,40,10,0,,Shotgun Flash Shells,,100,,,Locked
181969986,169,SMG,★★★,SCW,100,3263300,-,-,x5,,840,840,30,12,68,91,12,0,0,5,1,0,IOP T4 Exoskeleton,,AC3 Suppressor,100,,,Locked
182530254,170,AR,★★★,ASh-12.7,100,3263300,-,-,x5,,550,550,65,41,36,59,10,0,0,20,1,0,,,,100,,,Locked
183265646,191,SMG,★★★,M12,100,3263300,-,-,x5,,1015,1015,26,15,64,76,12,0,0,5,1,0,IOP T4 Exoskeleton,ILM Hollow-Point Ammo,AC4 Suppressor,100,,,Locked
183762320,195,MG,★★★,Gr MG23,30,45000,0,0,x3,,288,288,44,13,13,104,4,0,9,5,1,0,,,,100,,,Locked
183988259,249,MG,★★★,62 Shiki,30,45000,0,0,x3,,327,327,49,12,11,95,4,0,9,5,1,0,,,,100,,,Locked
184347042,348,RF,★★★★★,HS.50,100,3263300,-,-,x5,,440,440,159,84,29,33,7,0,0,40,10,0,M1022 Sniper Rounds,VFL 6-24X56,Thermoptic Camouflage Cape,100,,,Locked
184347127,349,AR,★★★★,AK74M,100,3263300,-,-,x5,,550,550,51,57,45,73,10,0,0,20,10,0,PEQ-16A,APCR High-Velocity Ammo,#2 Processor,100,,,Locked
184347207,347,SMG,★★★★★,SR2,100,3263300,-,-,x5,,1040,1040,31,14,65,92,12,0,0,5,10,0,#2 Processor,Mk211 High-Explosive Armor-Piercing Ammo,PEQ-16A,100,,,Locked
184355899,346,HG,★★★★,CZ100,100,3263300,-,-,x5,,365,365,29,54,81,58,15,0,0,20,8,0,,,,100,,,Locked
185686834,74,AR,★★,SIG-510,100,3263300,-,-,x5,,580,580,56,41,37,59,10,0,0,20,1,0,SIG-510 Fire Selector,,,100,,,Locked
186738996,86,MG,★★★,MG42,100,3263300,-,-,x5,,825,825,92,23,26,132,4,0,10,5,1,0,,,,100,,,Locked
187537847,332,HG,★★★★,Derringer,100,3263300,-,-,x5,,350,350,31,60,93,52,15,0,0,20,10,0,AC4 Suppressor,,,100,,,Locked
187703867,335,AR,★★★★,Fedorov Avtomat,100,3263300,-,-,x5,,550,550,58,58,47,59,10,0,0,20,1,0,PEQ-16A,,,100,,,Locked
188097770,333,SMG,★★★★★,VP1915,100,3263300,-,-,x5,,1015,1015,25,12,66,91,12,0,0,5,10,0,,ILM Hollow-Point Ammo,,100,,,Locked
188466220,334,RF,★★★★★,Model 99,100,3263300,-,-,x5,,485,485,127,84,38,35,7,0,0,40,6,0,,,,100,,,Locked
189383880,365,AR,★★★★★,SCR,100,3263300,-,-,x5,,550,550,51,55,53,79,10,0,0,20,4,0,,,,100,,,Locked
189383967,355,SMG,★★★★,Vigneron M2,100,3263300,-,-,x5,,880,880,29,15,75,85,12,0,0,5,1,0,,,,100,,,Locked
189384043,354,HG,★★★★,ZiP .22,100,3263300,-,-,x5,,330,330,31,40,85,63,15,0,0,20,10,0,AC4 Suppressor,ILM Hollow-Point Ammo,IOP T4 Exoskeleton,100,,,Locked
191635707,363,SMG,★★★★,MPL,100,3263300,-,-,x5,,925,925,31,13,72,78,12,0,0,5,10,0,IOP T4 Exoskeleton,,AC4 Suppressor,100,,,Locked
191635846,356,AR,★★★★★,A-545,100,3263300,-,-,x5,,550,550,55,53,49,82,10,0,0,20,10,0,PEQ-16A,APCR High-Velocity Ammo,#2 Processor,100,,,Locked
191635875,364,SMG,★★★★,MPK,100,3263300,-,-,x5,,925,925,30,13,75,78,12,0,0,5,10,0,IOP T4 Exoskeleton,16Lab Hollow-Point,AC4 Suppressor,100,,,Locked
192592971,343,AR,★★★★,APC556,100,3263300,-,-,x5,,565,565,49,48,45,77,10,0,0,20,10,0,,,,100,,,Locked
192728812,342,AR,★★★★★,KH2002,100,3263300,-,-,x5,,660,660,53,51,39,78,10,0,0,20,7,0,,JHP High-Velocity Ammo,,100,,,Locked
192729295,341,SMG,★★★★★,SP9,100,3263300,-,-,x5,,1100,1100,28,13,69,89,12,0,0,5,10,0,,,,100,,,Locked
192891745,345,MG,★★★★★,MG338,100,3263300,-,-,x5,,870,870,104,26,26,125,4,0,9,5,10,0,Mk1000 SLAP,VFL 6-24X56,IOP Maximum Ammo Box,100,,,Locked
192893049,344,AR,★★★★,FARA 83,100,3263300,-,-,x5,,550,550,47,55,44,77,10,0,0,20,1,0,,,,100,,,Locked
195734770,360,RF,★★★★,TFQ,100,3263300,-,-,x5,,450,450,120,78,31,37,7,0,0,40,1,0,Mk211 High-Explosive Armor-Piercing Ammo,,Thermoptic Camouflage Cape,100,,,Locked
195874663,361,AR,★★★★★,QBZ-191,100,3263300,-,-,x5,,605,605,56,51,46,78,10,0,0,20,10,0,PEQ-16A,16Lab High-Velocity Ammo,#2 Processor,100,,,Locked
195883568,359,SMG,★★★★★,Sterling,100,3263300,-,-,x5,,990,990,30,14,77,85,12,0,0,5,2,0,IOP T4 Exoskeleton,,,100,,,Locked
195883582,358,HG,★★★★,PPQ,100,3263300,-,-,x5,,350,350,32,58,70,61,15,0,0,20,10,0,,,,100,,,Locked
195883594,362,MG,★★★★,LS26,100,3263300,-,-,x5,,825,825,108,30,25,96,4,0,9,5,10,0,,RMR T4 Red Dot Sight,,100,,,Locked
195926354,357,HG,★★★★★,Rhino,100,3263300,-,-,x5,,365,365,34,77,77,57,15,0,0,40,10,0,RMR T4 Red Dot Sight,ILM Hollow-Point Ammo,,100,,,Locked
198065739,368,SG,★★★★,UTS-15,100,3263300,-,-,x5,,1155,1155,40,16,17,27,6,20,5,40,10,0,Type 3 Armor Plate,SABOT Slug,ITI MARS,100,,,Locked
198084147,366,SG,★★★★★,SPAS-15,100,3263300,-,-,x5,,1320,1320,35,14,10,34,6,23,3,40,10,0,Type 3 Armor Plate,SABOT Slug,S.F. Modified Tactical Light,100,,,Locked
199031492,68,AR,★★,L85A1,100,3263300,-,-,x5,,470,470,46,43,43,78,10,0,0,20,1,0,,,,100,,,Locked
199482259,133,AR,★★,Type63,1,0,0,0,x1,,50,50,19,5,5,50,10,0,0,20,1,0,,,,59,,,Locked
199484359,33,SMG,★★,m45,1,0,0,0,x1,,93,93,12,2,9,52,12,0,0,5,1,0,,,,85,,,Locked
199484384,40,RF,★★,SVT-38,1,0,0,0,x1,,42,42,43,8,5,24,7,0,0,40,1,0,,,,69,,,Locked
199486210,17,SMG,★★,M3,22,24000,0,0,x2,,224,224,15,5,22,51,12,0,0,5,1,0,,,,100,,,Locked
199486312,1040,MG,★★★★★,Yugiri,1,0,0,0,x1,,80,80,37,4,4,85,4,0,9,5,1,0,,,,100,,,Locked
199531336,1036,SMG,★★★★★,Lily Hoshikawa,1,0,0,0,x1,,88,88,10,2,11,68,12,0,1,5,1,0,,,,100,,,Locked
199582127,1035,HG,★★★★★,Tae Yamada,1,0,0,0,x1,,47,47,10,6,9,36,15,0,1,20,1,0,,,,100,,,Locked
199623793,1037,RF,★★★★★,Sakura Minamoto,1,0,0,0,x1,,44,44,44,9,4,23,7,0,1,40,1,0,,,,100,,,Locked
199623813,1041,SG,★★★★★,Saki Nikaido,100,3263300,-,-,x5,,1210,1210,41,11,11,28,6,23,5,40,1,0,Leader's Armband,,,100,,,Locked
199902992,1039,AR,★★★★★,Junko Konno,100,3263300,-,-,x5,,550,550,60,54,47,65,10,0,1,20,9,0,,APCR High-Velocity Ammo,#2 Processor,100,,,Locked
200075551,1038,AR,★★★★★,Ai Mizuno,100,3263300,-,-,x5,,580,580,58,57,43,67,10,0,1,20,1,0,,APCR High-Velocity Ammo,Bento of Love,100,,,Locked
200292165,87,MG,★★,MG34,100,3263300,-,-,x5,,825,825,85,22,25,120,4,0,10,5,1,0,Mk1000 SLAP,RMR T4 Red Dot Sight,IOP Maximum Ammo Box,100,,,Locked
200292241,41,RF,★★,SKS,100,3263300,-,-,x5,,465,465,100,59,34,34,7,0,0,40,1,0,,,,100,,,Locked
201124716,376,SMG,★★★★★,Erma,1,0,0,0,x1,,132,132,10,2,9,59,12,0,0,5,3,0,,,,100,,,Locked
201124975,375,HG,★★★★★,Colt Walker,100,3263300,-,-,x5,,300,300,36,60,112,57,15,0,0,20,8,0,,,,100,,,Locked
203574401,93,SMG,★★,IDW,1,0,0,0,x1,,75,75,9,2,10,49,12,0,0,5,1,0,,,,50,,,
203574416,91,HG,★★,MP-446,1,0,0,0,x1,,33,33,11,7,9,40,15,0,0,20,1,0,,,,50,,,
203574456,94,SMG,★★,Type64,1,0,0,0,x1,,88,88,11,2,9,65,12,0,0,5,1,0,,,,50,,,
203574488,25,SMG,★★,MP40,1,0,0,0,x1,,93,93,11,2,8,52,12,0,0,5,1,0,,,,50,,,
203574500,133,AR,★★,Type63,1,0,0,0,x1,,50,50,19,5,5,50,10,0,0,20,1,0,,,,50,,,
203281916,372,AR,★★★★★,AR-18,1,0,0,100,x1,,58,58,19,7,6,50,10,0,0,20,1,0,,,,68,,,Locked
164239209,131,SMG,★★★,EVO 3,59,407700,18400,4900,x3,,462,462,17,9,44,81,12,0,0,5,1,0,,,,100,,,Locked
165946763,108,AR,★★★,CZ-805,78,1166077,50777,9023,x4,,412,412,37,40,33,70,10,0,0,20,1,0,,,,100,,,Locked
179437190,174,RF,★★★,Type81R,64,527400,11500,17000,x3,,186,186,94,54,28,28,7,0,0,40,1,0,,,,100,,,Locked
183138895,182,RF,★★★,wz.29,64,526092,10192,18308,x3,,240,240,88,45,23,28,7,0,0,40,1,0,,,,100,,,Locked
203228191,367,SG,★★★★★,MK3A1,55,315000,9200,10300,x3,,510,510,25,8,8,33,6,14,6,40,1,0,,,,83,,,Locked
37864571,20114,HG,★★★★★★,Welrod MkⅡ Mod,115,11527939,1444639,755361,x5,Mod3,405,405,31,74,97,52,15,0,0,40,10,10,AC4 Suppressor,Signal Flare,Special Ops Bag,100,,,Locked
45041358,257,RF,★★★★★,M200,100,3263300,-,-,x5,,440,440,145,96,31,34,7,0,0,40,10,0,,VFL 6-24X56,Thermoptic Camouflage Cape,100,,,Locked
90487429,20005,HG,★★★★,M1895 Mod,115,10806984,723684,1476316,x5,Mod3,355,355,35,48,99,45,15,0,0,20,10,10,M1895 Suppressor,ILM Hollow-Point Ammo,IOP T4 Exoskeleton,100,,,Locked
105274778,231,RF,★★★★★,M82A1,100,3263300,-,-,x5,,440,440,158,77,30,34,7,0,0,40,10,0,,Barrett QDL,Thermoptic Camouflage Cape,100,,,Locked
111982653,20154,SG,★★★★,M500 Mod,115,10160261,76961,2123039,x5,Mod3,1345,1345,33,12,10,29,6,22,4,40,10,10,16Lab Armor Plate,Shotgun Flash Shells,MGP Upgrade Kit,100,,,Locked
22136900,20001,HG,★★★★★,SAA Mod,115,10789551,706251,1493749,x5,Mod3,410,410,37,50,79,50,15,0,0,20,10,10,S.F. Modified Tactical Light,ILM Hollow-Point Ammo,IOP T4 Exoskeleton,100,,,Locked
31578547,20171,AR,★★★★★,Ribeyrolles Mod,115,10083300,-,-,x5,Mod2,590,590,65,48,41,68,10,0,0,20,10,10,PEQ-16A,16Lab High-Velocity Ammo,#2 Processor,100,,,Locked
51817895,20104,SMG,★★★★★★,Gr G36c Mod,115,10139626,56326,2143674,x5,Mod3,1080,1080,34,14,70,85,12,0,0,5,10,10,4X Auxiliary Processor,ILM Hollow-Point Ammo,16Lab MARS,100,,,Locked
89863169,20205,AR,★★★★★★,AN-94 Mod,115,10343882,260582,1939418,x5,Mod3,590,590,60,70,49,80,10,0,0,20,10,10,16Lab Infrared Designator,APCR High-Velocity Ammo,#2 Processor,100,,,Locked
156152419,20293,AR,★★★★★★,AK-15 Mod,115,10347654,264354,1935646,x5,Mod3,590,590,63,54,53,78,10,0,0,20,10,10,PEQ-16A,APCR High-Velocity Ammo,Perst-4,100,,,Locked
21878087,20055,AR,★★★★★,M4A1 Mod,119,26772476,2489176,3510824,x5,Mod3,565,565,50,50,50,80,10,0,0,20,10,10,PEQ-16A,APCR High-Velocity Ammo,Inherited Case,100,,,Locked
22396841,20097,HG,★★★★★★,M950A Mod,116,13897346,1614046,1385954,x5,Mod3,400,400,32,57,76,72,15,0,0,20,10,10,WML & Tactical Handguard,Signal Flare,IOP T4 Exoskeleton,100,,,Locked
23039124,20007,HG,★★★★★,Stechkin Mod,115,10314670,231370,1968630,x5,Mod3,425,425,31,51,68,66,15,0,0,20,10,10,Stechkin Buttstock,ILM Hollow-Point Ammo,IOP T4 Exoskeleton,100,,,Locked
155810641,294,HG,★★★★★,Webley,100,3263300,-,-,x5,,430,430,29,66,81,57,15,0,0,20,10,0,AC4 Suppressor,ILM Hollow-Point Ammo,IOP T4 Exoskeleton,100,,,Locked
187396688,331,HG,★★★★★,Kolibri,100,3263300,-,-,x5,,330,330,15,59,128,58,15,0,0,20,10,0,AC4 Suppressor,ILM Hollow-Point Ammo,IOP T4 Exoskeleton,100,,,Locked
166585223,323,SG,★★★★★,LTLX7000,100,3263300,-,-,x5,,1375,1375,23,14,11,28,6,25,5,40,10,0,Type 3 Armor Plate,Shotgun Flash Shells,EOT 518,100,,,Locked
200826515,377,RF,★★★★★,SCAR-H,100,3263300,-,-,x5,,425,425,114,93,29,41,7,0,0,40,10,0,M948 Mod X,VFL 6-24X56,Thermoptic Camouflage Cape,100,,,Locked
200969339,378,AR,★★★★★,SCAR-L,100,3263300,-,-,x5,,550,550,56,48,52,78,10,0,0,20,10,0,PEQ-16A,MK318 Mod X,#2 Processor,100,,,Locked
202897165,370,HG,★★★★,P290,5,1060,60,440,x1,,38,38,11,10,14,42,15,0,0,20,10,0,,,,100,,,Locked
202946147,369,HG,★★★★★,M327,1,0,0,100,x1,,35,35,13,8,8,39,15,0,0,20,1,0,,,,100,,,Locked
202980455,374,MG,★★★★★,M240L,21,21000,0,2100,x2,,212,212,48,10,10,92,4,0,11,5,10,0,,,,99,,,Locked
202980466,373,AR,★★★★,CMR-30,1,0,0,100,x1,,54,54,17,7,6,48,10,0,0,20,10,0,,,,99,,,Locked
202980483,371,RF,★★★★,Saiga 308,1,0,0,100,x1,,44,44,44,10,4,25,7,0,0,40,1,0,,,,100,,,Locked
111982645,20094,SMG,★★★★,Type64 Mod,115,10083300,-,-,x5,Mod2,900,900,28,12,70,93,12,0,0,5,1,1,High-Performance Camouflaged Exoskeleton,,,100,,,Locked
126114848,20252,RF,★★★★★,KSVK Mod,115,10696094,612794,1587206,x5,Mod3,450,450,164,86,31,32,7,0,0,40,10,10,12.7mm 1SL,,,100,,,Locked
152649221,20199,MG,★★★★★,Type80 Mod,115,10083300,0,2200000,x5,Mod3,910,910,98,28,25,119,4,0,10,5,4,1,Custom API Rounds,ITI MARS,,100,,,Locked
162408957,20178,SMG,★★★★,F1 Mod,115,10083300,-,-,x5,Mod2,1080,1080,28,14,63,79,12,0,0,5,1,1,IOP T4 Exoskeleton,,,100,,,Locked
165163959,20021,SMG,★★★★,PPSh-41 Mod,115,10083300,0,2200000,x5,Mod3,1035,1035,30,11,61,94,12,0,0,5,1,1,IOP T4 Exoskeleton,Tokarev Jacketed Hollowpoint Rounds,Experimental Curved Barrel,100,,,Locked
27923996,20161,SG,★★★★★,Type97S Mod,115,10083300,0,2200000,x5,Mod3,1345,1345,36,13,14,28,6,22,3,40,7,1,Tactical Riot Shield,#000 Buckshot,ITI MARS,100,,,Locked
103087128,20044,RF,★★★★,SV-98 Mod,115,10083300,-,-,x5,Mod2,430,430,127,80,29,37,7,0,0,40,1,1,,,,100,,,Locked
111982647,20051,RF,★★★★,FF FN49 Mod,115,10083300,-,-,x5,Mod2,475,475,119,63,33,34,7,0,0,40,4,4,,,,100,,,Locked
111982648,20061,AR,★★★★,StG44 Mod,115,10083300,0,2200000,x5,Mod3,645,645,58,49,37,66,10,0,0,20,1,1,,7.92 KURZ,,100,,,Locked
162207207,20031,SMG,★★★★,M38 Mod,115,10083300,0,2200000,x5,Mod3,1080,1080,33,12,60,79,12,0,0,5,1,1,,,DO Reflex Sight,100,,,Locked
67556169,20221,HG,★★★★,GSh-18 Mod,115,10083300,0,2200000,x5,Mod3,365,365,34,53,89,58,15,0,0,20,9,1,RMR T4 Red Dot Sight,7N31,IOP X4 Exoskeleton,100,,,Locked
88022576,20002,HG,★★★★,M1911 Mod,115,11284514,1201214,998786,x5,Mod3,370,370,28,51,77,58,15,0,0,20,8,8,,XM261 ACP,,100,,,Locked
111982655,20012,HG,★★★★,C96 Mod,115,10083300,-,-,x5,Mod2,425,425,32,51,70,63,15,0,0,20,1,1,AC3 Suppressor,ILM Hollow-Point Ammo,IOP T4 Exoskeleton,100,,,Locked
124313212,20089,MG,★★★★,Bren Mod,115,10083300,-,-,x5,Mod2,885,885,96,34,29,103,4,0,8,5,1,1,Mk169 Armor-Piercing Ammo,EOT 516,IOP High-Capacity Ammo Box,100,,,Locked
163235239,20124,RF,★★★★,Super SASS Mod,115,10083300,-,-,x5,Mod2,450,450,124,72,30,40,7,0,0,40,1,1,Mk211 High-Explosive Armor-Piercing Ammo,,Thermoptic Camouflage Cape,100,,,Locked
21159450,20037,RF,★★★★,M14 Mod,116,13629589,1346289,1653711,x5,Mod3,430,430,111,74,28,44,7,0,0,40,10,9,Mk211 High-Explosive Armor-Piercing Ammo,M2 Bipod,Thermoptic Camouflage Cape,100,,,Locked
21616754,20039,RF,★★★★★,Mosin-Nagant Mod,115,10201797,118497,2081503,x5,Mod3,450,450,135,88,39,31,7,0,0,40,9,10,,K6-24X56,Hayha Memory Chip,100,,,Locked
28882089,20103,SMG,★★★★★,UMP45 Mod,115,10212406,129106,2070894,x5,Mod3,970,970,29,14,76,83,12,0,0,5,10,10,IOP T4 Exoskeleton,,Additional Computing Module,100,,,Locked
39678942,20064,AR,★★★★★,Gr G36 Mod,115,10814552,731252,1468748,x5,Mod3,645,645,51,48,44,75,10,0,0,20,10,10,PEQ-16A,APCR High-Velocity Ammo,#2 Processor,100,,,Locked
89487151,20060,AR,★★★★★,AS Val Mod,115,10623314,540014,1659986,x5,Mod3,675,675,42,50,50,76,10,0,0,20,10,10,PEQ-16A,SP6 Subsonic Ammo,#2 Processor,100,,,Locked
100049818,210,HG,★★★,CZ52,100,3263300,-,-,x5,,380,380,33,50,68,53,15,0,0,20,10,0,,,,100,,,Locked
146771296,92,SMG,★★,Spectre M4,100,3263300,-,-,x5,,880,880,25,12,66,88,12,0,0,5,1,0,,,Tactical Folding Stock,100,,,Locked
151148580,137,SMG,★★★★,PP-19-01,100,3263300,-,-,x5,,970,970,27,13,68,85,12,0,0,5,1,0,,,,100,,,Locked
152769721,300,MG,★★★,CAR,100,3263300,-,-,x5,,825,825,93,32,29,112,4,0,8,5,1,0,,RMR T4 Red Dot Sight,,100,,,Locked
160761272,304,SMG,★★★★,SAF,100,3263300,-,-,x5,,900,900,25,14,69,99,12,0,0,5,1,0,,,,100,,,Locked
